<?xml version="1.0" encoding="UTF-8"?>
<!DOCTYPE targetDefinitions [ 
	<!ELEMENT targetDefinitions (board)>
	<!ELEMENT board (name, dbgIF+, dbgDEV, mcuId)>
	<!ELEMENT name (#PCDATA)>
	<!ELEMENT dbgIF (#PCDATA)>
	<!ELEMENT dbgDEV (#PCDATA)>
	<!ELEMENT mcuId (#PCDATA)>
	<!ATTLIST board id CDATA #REQUIRED>
]>

<targetDefinitions>
	<board id="stm32f4discovery">
		<name>STM32F4DISCOVERY</name>
		<dbgIF>SWD</dbgIF>
		<dbgIF>JTAG</dbgIF>
		<dbgDEV>ST-Link</dbgDEV>
		<mcuId>stm32f407vgtx</mcuId>
	</board>
</targetDefinitions>
