<?xml version="1.0" encoding="UTF-8"?>
<?fileVersion 4.0.0?><cproject storage_type_id="org.eclipse.cdt.core.XmlProjectDescriptionStorage">
	<storageModule moduleId="org.eclipse.cdt.core.settings">
		<cconfiguration id="fr.ac6.managedbuild.config.gnu.cross.exe.debug.368932775">
			<storageModule buildSystemId="org.eclipse.cdt.managedbuilder.core.configurationDataProvider" id="fr.ac6.managedbuild.config.gnu.cross.exe.debug.368932775" moduleId="org.eclipse.cdt.core.settings" name="Debug">
				<externalSettings />
				<extensions>
					<extension id="org.eclipse.cdt.core.ELF" point="org.eclipse.cdt.core.BinaryParser" />
					<extension id="org.eclipse.cdt.core.GASErrorParser" point="org.eclipse.cdt.core.ErrorParser" />
					<extension id="org.eclipse.cdt.core.GmakeErrorParser" point="org.eclipse.cdt.core.ErrorParser" />
					<extension id="org.eclipse.cdt.core.GLDErrorParser" point="org.eclipse.cdt.core.ErrorParser" />
					<extension id="org.eclipse.cdt.core.CWDLocator" point="org.eclipse.cdt.core.ErrorParser" />
					<extension id="org.eclipse.cdt.core.GCCErrorParser" point="org.eclipse.cdt.core.ErrorParser" />
				</extensions>
			</storageModule>
			<storageModule moduleId="cdtBuildSystem" version="4.0.0">
				<configuration artifactExtension="elf" artifactName="${ProjName}" buildArtefactType="org.eclipse.cdt.build.core.buildArtefactType.exe" buildProperties="org.eclipse.cdt.build.core.buildArtefactType=org.eclipse.cdt.build.core.buildArtefactType.exe,org.eclipse.cdt.build.core.buildType=org.eclipse.cdt.build.core.buildType.debug" cleanCommand="rm -rf" description="" id="fr.ac6.managedbuild.config.gnu.cross.exe.debug.368932775" name="Debug" parent="fr.ac6.managedbuild.config.gnu.cross.exe.debug" postannouncebuildStep="Generating binary and Printing size information:" postbuildStep="arm-none-eabi-objcopy -O binary &quot;${BuildArtifactFileBaseName}.elf&quot; &quot;${BuildArtifactFileBaseName}.bin&quot; &amp;&amp; arm-none-eabi-size &quot;${BuildArtifactFileName}&quot;">
					<folderInfo id="fr.ac6.managedbuild.config.gnu.cross.exe.debug.368932775." name="/" resourcePath="">
						<toolChain id="fr.ac6.managedbuild.toolchain.gnu.cross.exe.debug.343636908" name="Ac6 STM32 MCU GCC" superClass="fr.ac6.managedbuild.toolchain.gnu.cross.exe.debug">
							<option id="fr.ac6.managedbuild.option.gnu.cross.prefix.1292246181" name="Prefix" superClass="fr.ac6.managedbuild.option.gnu.cross.prefix" value="arm-none-eabi-" valueType="string" />
							<option id="fr.ac6.managedbuild.option.gnu.cross.mcu.474097950" name="Mcu" superClass="fr.ac6.managedbuild.option.gnu.cross.mcu" value="STM32F407ZGTx" valueType="string" />
							<option id="fr.ac6.managedbuild.option.gnu.cross.board.1847266230" name="Board" superClass="fr.ac6.managedbuild.option.gnu.cross.board" value="SW_STM32F4" valueType="string" />
							<option id="fr.ac6.managedbuild.option.gnu.cross.instructionSet.960332371" name="Instruction Set" superClass="fr.ac6.managedbuild.option.gnu.cross.instructionSet" value="fr.ac6.managedbuild.option.gnu.cross.instructionSet.thumbII" valueType="enumerated" />
							<option id="fr.ac6.managedbuild.option.gnu.cross.fpu.1987177273" name="Floating point hardware" superClass="fr.ac6.managedbuild.option.gnu.cross.fpu" value="fr.ac6.managedbuild.option.gnu.cross.fpu.fpv4-sp-d16" valueType="enumerated" />
							<option id="fr.ac6.managedbuild.option.gnu.cross.floatabi.1342494106" name="Floating-point ABI" superClass="fr.ac6.managedbuild.option.gnu.cross.floatabi" value="fr.ac6.managedbuild.option.gnu.cross.floatabi.hard" valueType="enumerated" />
							<targetPlatform archList="all" binaryParser="org.eclipse.cdt.core.ELF" id="fr.ac6.managedbuild.targetPlatform.gnu.cross.1919921662" isAbstract="false" osList="all" superClass="fr.ac6.managedbuild.targetPlatform.gnu.cross" />
							<builder buildPath="${workspace_loc:/SW_STM32F4}/Debug" id="fr.ac6.managedbuild.builder.gnu.cross.1802843949" keepEnvironmentInBuildfile="false" managedBuildOn="true" name="Gnu Make Builder" superClass="fr.ac6.managedbuild.builder.gnu.cross">
								<outputEntries>
									<entry flags="VALUE_WORKSPACE_PATH|RESOLVED" kind="outputPath" name="Debug" />
								</outputEntries>
							</builder>

							<tool id="fr.ac6.managedbuild.tool.gnu.cross.c.compiler.968423362" name="MCU GCC Compiler" superClass="fr.ac6.managedbuild.tool.gnu.cross.c.compiler">
								<option defaultValue="gnu.c.optimization.level.none" id="fr.ac6.managedbuild.gnu.c.compiler.option.optimization.level.1017072522" name="Optimization Level" superClass="fr.ac6.managedbuild.gnu.c.compiler.option.optimization.level" useByScannerDiscovery="false" value="fr.ac6.managedbuild.gnu.c.optimization.level.debug" valueType="enumerated" />
								<option id="gnu.c.compiler.option.debugging.level.479447214" name="Debug Level" superClass="gnu.c.compiler.option.debugging.level" useByScannerDiscovery="false" value="gnu.c.debugging.level.max" valueType="enumerated" />
								<option id="gnu.c.compiler.option.include.paths.829727399" name="Include paths (-I)" superClass="gnu.c.compiler.option.include.paths" useByScannerDiscovery="false" valueType="includePath">
									<listOptionValue builtIn="false" value="../../../Inc" />
									<listOptionValue builtIn="false" value="../../../Drivers/STM32F4xx_HAL_Driver/Inc" />
									<listOptionValue builtIn="false" value="../../../Drivers/STM32F4xx_HAL_Driver/Inc/Legacy" />
									<listOptionValue builtIn="false" value="../../../Drivers/CMSIS/Device/ST/STM32F4xx/Include" />
									<listOptionValue builtIn="false" value="../../../Drivers/CMSIS/Include" />
									<listOptionValue builtIn="false" value="../../../Inc" />
								</option>
								<option id="gnu.c.compiler.option.preprocessor.def.symbols.344326698" name="Defined symbols (-D)" superClass="gnu.c.compiler.option.preprocessor.def.symbols" useByScannerDiscovery="false" valueType="definedSymbols">
									<listOptionValue builtIn="false" value="__weak=__attribute__((weak))" />
									<listOptionValue builtIn="false" value="__packed=__attribute__((__packed__))" />
									<listOptionValue builtIn="false" value="USE_HAL_DRIVER" />
									<listOptionValue builtIn="false" value="STM32F407xx" />
								</option>
								<option id="fr.ac6.managedbuild.gnu.c.compiler.option.misc.other.536204201" superClass="fr.ac6.managedbuild.gnu.c.compiler.option.misc.other" value="-fmessage-length=0" valueType="string" />
								<inputType id="fr.ac6.managedbuild.tool.gnu.cross.c.compiler.input.c.1927305374" superClass="fr.ac6.managedbuild.tool.gnu.cross.c.compiler.input.c" />
								<inputType id="fr.ac6.managedbuild.tool.gnu.cross.c.compiler.input.s.1872877700" superClass="fr.ac6.managedbuild.tool.gnu.cross.c.compiler.input.s" />
							</tool>
							<tool id="fr.ac6.managedbuild.tool.gnu.cross.cpp.compiler.469122608" name="MCU G++ Compiler" superClass="fr.ac6.managedbuild.tool.gnu.cross.cpp.compiler">
								<option id="gnu.cpp.compiler.option.optimization.level.2135377397" name="Optimization Level" superClass="gnu.cpp.compiler.option.optimization.level" useByScannerDiscovery="false" value="gnu.cpp.compiler.optimization.level.none" valueType="enumerated" />
								<option id="gnu.cpp.compiler.option.debugging.level.1718841527" name="Debug Level" superClass="gnu.cpp.compiler.option.debugging.level" useByScannerDiscovery="false" value="gnu.cpp.compiler.debugging.level.max" valueType="enumerated" />
							</tool>
							<tool id="fr.ac6.managedbuild.tool.gnu.cross.c.linker.614591982" name="MCU GCC Linker" superClass="fr.ac6.managedbuild.tool.gnu.cross.c.linker">
								<option id="fr.ac6.managedbuild.tool.gnu.cross.c.linker.script.675133493" name="Linker Script (-T)" superClass="fr.ac6.managedbuild.tool.gnu.cross.c.linker.script" value="../STM32F407ZGTx_FLASH.ld" valueType="string" />
								<option id="gnu.c.link.option.libs.1556166624" name="Libraries (-l)" superClass="gnu.c.link.option.libs" />
								<option id="gnu.c.link.option.paths.2133807827" name="Library search path (-L)" superClass="gnu.c.link.option.paths" />
								<option id="gnu.c.link.option.ldflags.874095766" superClass="gnu.c.link.option.ldflags" value="-specs=nosys.specs -specs=nano.specs" valueType="string" />
								<inputType id="cdt.managedbuild.tool.gnu.c.linker.input.1039853728" superClass="cdt.managedbuild.tool.gnu.c.linker.input">
									<additionalInput kind="additionalinputdependency" paths="$(USER_OBJS)" />
									<additionalInput kind="additionalinput" paths="$(LIBS)" />
								</inputType>
							</tool>
							<tool id="fr.ac6.managedbuild.tool.gnu.cross.cpp.linker.768676904" name="MCU G++ Linker" superClass="fr.ac6.managedbuild.tool.gnu.cross.cpp.linker" />
							<tool id="fr.ac6.managedbuild.tool.gnu.archiver.1197135991" name="MCU GCC Archiver" superClass="fr.ac6.managedbuild.tool.gnu.archiver" />
							<tool id="fr.ac6.managedbuild.tool.gnu.cross.assembler.2025399942" name="MCU GCC Assembler" superClass="fr.ac6.managedbuild.tool.gnu.cross.assembler">
								<option id="gnu.both.asm.option.include.paths.1801820432" name="Include paths (-I)" superClass="gnu.both.asm.option.include.paths" valueType="includePath">

								</option>
								<inputType id="cdt.managedbuild.tool.gnu.assembler.input.1764991396" superClass="cdt.managedbuild.tool.gnu.assembler.input" />
								<inputType id="fr.ac6.managedbuild.tool.gnu.cross.assembler.input.1234945156" superClass="fr.ac6.managedbuild.tool.gnu.cross.assembler.input" />
							</tool>
						</toolChain>
					</folderInfo>
					<sourceEntries>
						<entry excluding="" flags="VALUE_WORKSPACE_PATH|RESOLVED" kind="sourcePath" name="" />
					</sourceEntries>
				</configuration>
			</storageModule>
			<storageModule moduleId="org.eclipse.cdt.core.externalSettings" />
		</cconfiguration>
		<cconfiguration id="fr.ac6.managedbuild.config.gnu.cross.exe.release.1889507259">
			<storageModule buildSystemId="org.eclipse.cdt.managedbuilder.core.configurationDataProvider" id="fr.ac6.managedbuild.config.gnu.cross.exe.release.1889507259" moduleId="org.eclipse.cdt.core.settings" name="Release">
				<externalSettings />
				<extensions>
					<extension id="org.eclipse.cdt.core.ELF" point="org.eclipse.cdt.core.BinaryParser" />
					<extension id="org.eclipse.cdt.core.GASErrorParser" point="org.eclipse.cdt.core.ErrorParser" />
					<extension id="org.eclipse.cdt.core.GmakeErrorParser" point="org.eclipse.cdt.core.ErrorParser" />
					<extension id="org.eclipse.cdt.core.GLDErrorParser" point="org.eclipse.cdt.core.ErrorParser" />
					<extension id="org.eclipse.cdt.core.CWDLocator" point="org.eclipse.cdt.core.ErrorParser" />
					<extension id="org.eclipse.cdt.core.GCCErrorParser" point="org.eclipse.cdt.core.ErrorParser" />
				</extensions>
			</storageModule>
			<storageModule moduleId="cdtBuildSystem" version="4.0.0">
				<configuration artifactExtension="elf" artifactName="${ProjName}" buildArtefactType="org.eclipse.cdt.build.core.buildArtefactType.exe" buildProperties="org.eclipse.cdt.build.core.buildArtefactType=org.eclipse.cdt.build.core.buildArtefactType.exe,org.eclipse.cdt.build.core.buildType=org.eclipse.cdt.build.core.buildType.release" cleanCommand="rm -rf" description="" id="fr.ac6.managedbuild.config.gnu.cross.exe.release.1889507259" name="Release" parent="fr.ac6.managedbuild.config.gnu.cross.exe.release" postannouncebuildStep="Generating binary and Printing size information:" postbuildStep="arm-none-eabi-objcopy -O binary &quot;${BuildArtifactFileBaseName}.elf&quot; &quot;${BuildArtifactFileBaseName}.bin&quot; &amp;&amp; arm-none-eabi-size &quot;${BuildArtifactFileName}&quot;">
					<folderInfo id="fr.ac6.managedbuild.config.gnu.cross.exe.release.1889507259." name="/" resourcePath="">
						<toolChain id="fr.ac6.managedbuild.toolchain.gnu.cross.exe.release.366623252" name="Ac6 STM32 MCU GCC" superClass="fr.ac6.managedbuild.toolchain.gnu.cross.exe.release">
							<option id="fr.ac6.managedbuild.option.gnu.cross.prefix.1292246181" name="Prefix" superClass="fr.ac6.managedbuild.option.gnu.cross.prefix" value="arm-none-eabi-" valueType="string" />
							<option id="fr.ac6.managedbuild.option.gnu.cross.mcu.474097950" name="Mcu" superClass="fr.ac6.managedbuild.option.gnu.cross.mcu" value="STM32F407ZGTx" valueType="string" />
							<option id="fr.ac6.managedbuild.option.gnu.cross.board.1847266230" name="Board" superClass="fr.ac6.managedbuild.option.gnu.cross.board" value="SW_STM32F4" valueType="string" />
							<option id="fr.ac6.managedbuild.option.gnu.cross.instructionSet.960332371" name="Instruction Set" superClass="fr.ac6.managedbuild.option.gnu.cross.instructionSet" value="fr.ac6.managedbuild.option.gnu.cross.instructionSet.thumbII" valueType="enumerated" />
							<option id="fr.ac6.managedbuild.option.gnu.cross.fpu.1987177273" name="Floating point hardware" superClass="fr.ac6.managedbuild.option.gnu.cross.fpu" value="fr.ac6.managedbuild.option.gnu.cross.fpu.fpv4-sp-d16" valueType="enumerated" />
							<option id="fr.ac6.managedbuild.option.gnu.cross.floatabi.1342494106" name="Floating-point ABI" superClass="fr.ac6.managedbuild.option.gnu.cross.floatabi" value="fr.ac6.managedbuild.option.gnu.cross.floatabi.hard" valueType="enumerated" />
							<targetPlatform archList="all" binaryParser="org.eclipse.cdt.core.ELF" id="fr.ac6.managedbuild.targetPlatform.gnu.cross.1919921662" isAbstract="false" osList="all" superClass="fr.ac6.managedbuild.targetPlatform.gnu.cross" />
							<builder buildPath="${workspace_loc:/SW_STM32F4}/Release" id="fr.ac6.managedbuild.builder.gnu.cross.1802843949" keepEnvironmentInBuildfile="false" managedBuildOn="true" name="Gnu Make Builder" superClass="fr.ac6.managedbuild.builder.gnu.cross">
								<outputEntries>
									<entry flags="VALUE_WORKSPACE_PATH|RESOLVED" kind="outputPath" name="Release" />
								</outputEntries>
							</builder>

							<tool id="fr.ac6.managedbuild.tool.gnu.cross.c.compiler.968423362" name="MCU GCC Compiler" superClass="fr.ac6.managedbuild.tool.gnu.cross.c.compiler">
								<option defaultValue="gnu.c.optimization.level.none" id="fr.ac6.managedbuild.gnu.c.compiler.option.optimization.level.1017072522" name="Optimization Level" superClass="fr.ac6.managedbuild.gnu.c.compiler.option.optimization.level" useByScannerDiscovery="false" value="fr.ac6.managedbuild.gnu.c.optimization.level.debug" valueType="enumerated" />
								<option id="gnu.c.compiler.option.debugging.level.479447214" name="Debug Level" superClass="gnu.c.compiler.option.debugging.level" useByScannerDiscovery="false" value="gnu.c.debugging.level.max" valueType="enumerated" />
								<option id="gnu.c.compiler.option.include.paths.829727399" name="Include paths (-I)" superClass="gnu.c.compiler.option.include.paths" useByScannerDiscovery="false" valueType="includePath">
									<listOptionValue builtIn="false" value="../../../Inc" />
									<listOptionValue builtIn="false" value="../../../Drivers/STM32F4xx_HAL_Driver/Inc" />
									<listOptionValue builtIn="false" value="../../../Drivers/STM32F4xx_HAL_Driver/Inc/Legacy" />
									<listOptionValue builtIn="false" value="../../../Drivers/CMSIS/Device/ST/STM32F4xx/Include" />
									<listOptionValue builtIn="false" value="../../../Drivers/CMSIS/Include" />
									<listOptionValue builtIn="false" value="../../../Inc" />
								</option>
								<option id="gnu.c.compiler.option.preprocessor.def.symbols.344326698" name="Defined symbols (-D)" superClass="gnu.c.compiler.option.preprocessor.def.symbols" useByScannerDiscovery="false" valueType="definedSymbols">
									<listOptionValue builtIn="false" value="__weak=__attribute__((weak))" />
									<listOptionValue builtIn="false" value="__packed=__attribute__((__packed__))" />
									<listOptionValue builtIn="false" value="USE_HAL_DRIVER" />
									<listOptionValue builtIn="false" value="STM32F407xx" />
								</option>
								<option id="fr.ac6.managedbuild.gnu.c.compiler.option.misc.other.536204201" superClass="fr.ac6.managedbuild.gnu.c.compiler.option.misc.other" value="-fmessage-length=0" valueType="string" />
								<inputType id="fr.ac6.managedbuild.tool.gnu.cross.c.compiler.input.c.1927305374" superClass="fr.ac6.managedbuild.tool.gnu.cross.c.compiler.input.c" />
								<inputType id="fr.ac6.managedbuild.tool.gnu.cross.c.compiler.input.s.1872877700" superClass="fr.ac6.managedbuild.tool.gnu.cross.c.compiler.input.s" />
							</tool>
							<tool id="fr.ac6.managedbuild.tool.gnu.cross.cpp.compiler.469122608" name="MCU G++ Compiler" superClass="fr.ac6.managedbuild.tool.gnu.cross.cpp.compiler">
								<option id="gnu.cpp.compiler.option.optimization.level.2135377397" name="Optimization Level" superClass="gnu.cpp.compiler.option.optimization.level" useByScannerDiscovery="false" value="gnu.cpp.compiler.optimization.level.none" valueType="enumerated" />
								<option id="gnu.cpp.compiler.option.debugging.level.1718841527" name="Debug Level" superClass="gnu.cpp.compiler.option.debugging.level" useByScannerDiscovery="false" value="gnu.cpp.compiler.debugging.level.max" valueType="enumerated" />
							</tool>
							<tool id="fr.ac6.managedbuild.tool.gnu.cross.c.linker.614591982" name="MCU GCC Linker" superClass="fr.ac6.managedbuild.tool.gnu.cross.c.linker">
								<option id="fr.ac6.managedbuild.tool.gnu.cross.c.linker.script.675133493" name="Linker Script (-T)" superClass="fr.ac6.managedbuild.tool.gnu.cross.c.linker.script" value="../STM32F407ZGTx_FLASH.ld" valueType="string" />
								<option id="gnu.c.link.option.libs.1556166624" name="Libraries (-l)" superClass="gnu.c.link.option.libs" />
								<option id="gnu.c.link.option.paths.2133807827" name="Library search path (-L)" superClass="gnu.c.link.option.paths" />
								<option id="gnu.c.link.option.ldflags.874095766" superClass="gnu.c.link.option.ldflags" value="-specs=nosys.specs -specs=nano.specs" valueType="string" />
								<inputType id="cdt.managedbuild.tool.gnu.c.linker.input.1039853728" superClass="cdt.managedbuild.tool.gnu.c.linker.input">
									<additionalInput kind="additionalinputdependency" paths="$(USER_OBJS)" />
									<additionalInput kind="additionalinput" paths="$(LIBS)" />
								</inputType>
							</tool>
							<tool id="fr.ac6.managedbuild.tool.gnu.cross.cpp.linker.768676904" name="MCU G++ Linker" superClass="fr.ac6.managedbuild.tool.gnu.cross.cpp.linker" />
							<tool id="fr.ac6.managedbuild.tool.gnu.archiver.1197135991" name="MCU GCC Archiver" superClass="fr.ac6.managedbuild.tool.gnu.archiver" />
							<tool id="fr.ac6.managedbuild.tool.gnu.cross.assembler.2025399942" name="MCU GCC Assembler" superClass="fr.ac6.managedbuild.tool.gnu.cross.assembler">
								<option id="gnu.both.asm.option.include.paths.1801820432" name="Include paths (-I)" superClass="gnu.both.asm.option.include.paths" valueType="includePath">

								</option>
								<inputType id="cdt.managedbuild.tool.gnu.assembler.input.1764991396" superClass="cdt.managedbuild.tool.gnu.assembler.input" />
								<inputType id="fr.ac6.managedbuild.tool.gnu.cross.assembler.input.1234945156" superClass="fr.ac6.managedbuild.tool.gnu.cross.assembler.input" />
							</tool>
						</toolChain>
					</folderInfo>
					<sourceEntries>
						<entry excluding="" flags="VALUE_WORKSPACE_PATH|RESOLVED" kind="sourcePath" name="" />
					</sourceEntries>
				</configuration>
			</storageModule>
			<storageModule moduleId="org.eclipse.cdt.core.externalSettings" />
		</cconfiguration>
	</storageModule>
	<storageModule moduleId="cdtBuildSystem" version="4.0.0">
		<project id="SW_STM32F4.fr.ac6.managedbuild.target.gnu.cross.exe.1797917976" name="Executable" projectType="fr.ac6.managedbuild.target.gnu.cross.exe" />
	</storageModule>
	<storageModule moduleId="scannerConfiguration">
		<autodiscovery enabled="true" problemReportingEnabled="true" selectedProfileId="" />
		<scannerConfigBuildInfo instanceId="fr.ac6.managedbuild.config.gnu.cross.exe.debug.368932775;fr.ac6.managedbuild.config.gnu.cross.exe.debug.368932775.;fr.ac6.managedbuild.tool.gnu.cross.c.compiler.968423362;fr.ac6.managedbuild.tool.gnu.cross.c.compiler.input.c.1927305374">
			<autodiscovery enabled="false" problemReportingEnabled="true" selectedProfileId="" />
		</scannerConfigBuildInfo>
		<!--scannerConfigBuildInfo instanceId="fr.ac6.managedbuild.config.gnu.cross.exe.release.$(RELEASE_CONFIG_UID);fr.ac6.managedbuild.config.gnu.cross.exe.release.$(RELEASE_CONFIG_UID).;fr.ac6.managedbuild.tool.gnu.cross.c.compiler.$(RELEASE_TOOL_COMPILER_UID);cdt.managedbuild.tool.gnu.c.compiler.input.$(RELEASE_TOOL_COMPILER_INPUT_UID)"> 
			<autodiscovery enabled="false" problemReportingEnabled="true" selectedProfileId=""/> 
			</scannerConfigBuildInfo -->
	</storageModule>
	<storageModule moduleId="org.eclipse.cdt.core.LanguageSettingsProviders" />
	<storageModule moduleId="refreshScope" versionNumber="2">
		<configuration artifactName="${ProjName}" configurationName="Debug">
			<resource resourceType="PROJECT" workspacePath="SW_STM32F4" />
		</configuration>
	</storageModule>
</cproject>
