<?xml version="1.0" encoding="UTF-8" standalone="no"?>
<?fileVersion 4.0.0?><cproject storage_type_id="org.eclipse.cdt.core.XmlProjectDescriptionStorage">
	<storageModule moduleId="org.eclipse.cdt.core.settings">
		<cconfiguration id="fr.ac6.managedbuild.config.gnu.cross.exe.debug.1014398673">
			<storageModule buildSystemId="org.eclipse.cdt.managedbuilder.core.configurationDataProvider" id="fr.ac6.managedbuild.config.gnu.cross.exe.debug.1014398673" moduleId="org.eclipse.cdt.core.settings" name="Debug">
				<externalSettings/>
				<extensions>
					<extension id="org.eclipse.cdt.core.ELF" point="org.eclipse.cdt.core.BinaryParser"/>
					<extension id="org.eclipse.cdt.core.GASErrorParser" point="org.eclipse.cdt.core.ErrorParser"/>
					<extension id="org.eclipse.cdt.core.GLDErrorParser" point="org.eclipse.cdt.core.ErrorParser"/>
					<extension id="org.eclipse.cdt.core.GCCErrorParser" point="org.eclipse.cdt.core.ErrorParser"/>
				</extensions>
			</storageModule>
			<storageModule moduleId="cdtBuildSystem" version="4.0.0">
				<configuration artifactExtension="elf" artifactName="${ProjName}" buildArtefactType="org.eclipse.cdt.build.core.buildArtefactType.exe" buildProperties="org.eclipse.cdt.build.core.buildArtefactType=org.eclipse.cdt.build.core.buildArtefactType.exe,org.eclipse.cdt.build.core.buildType=org.eclipse.cdt.build.core.buildType.debug" cleanCommand="rm -rf" description="" id="fr.ac6.managedbuild.config.gnu.cross.exe.debug.1014398673" name="Debug" parent="fr.ac6.managedbuild.config.gnu.cross.exe.debug" postannouncebuildStep="Generating binary and Printing size information:" postbuildStep="arm-none-eabi-objcopy -O binary &quot;${BuildArtifactFileBaseName}.elf&quot; &quot;${BuildArtifactFileBaseName}.bin&quot; ; arm-none-eabi-size &quot;${BuildArtifactFileName}&quot;;" prebuildStep="">
					<folderInfo id="fr.ac6.managedbuild.config.gnu.cross.exe.debug.1014398673." name="/" resourcePath="">
						<toolChain id="fr.ac6.managedbuild.toolchain.gnu.cross.exe.debug.161870881" name="Ac6 STM32 MCU GCC" nonInternalBuilderId="fr.ac6.managedbuild.builder.gnu.cross" superClass="fr.ac6.managedbuild.toolchain.gnu.cross.exe.debug">
							<option id="fr.ac6.managedbuild.option.gnu.cross.prefix.1763957278" name="Prefix" superClass="fr.ac6.managedbuild.option.gnu.cross.prefix" useByScannerDiscovery="false" value="arm-none-eabi-" valueType="string"/>
							<option id="fr.ac6.managedbuild.option.gnu.cross.mcu.1729826782" name="Mcu" superClass="fr.ac6.managedbuild.option.gnu.cross.mcu" useByScannerDiscovery="false" value="STM32F407ZGTx" valueType="string"/>
							<option id="fr.ac6.managedbuild.option.gnu.cross.board.1023472382" name="Board" superClass="fr.ac6.managedbuild.option.gnu.cross.board" useByScannerDiscovery="false" value="SW_STM32F4" valueType="string"/>
							<option id="fr.ac6.managedbuild.option.gnu.cross.instructionSet.764233691" name="Instruction Set" superClass="fr.ac6.managedbuild.option.gnu.cross.instructionSet" useByScannerDiscovery="false" value="fr.ac6.managedbuild.option.gnu.cross.instructionSet.thumbII" valueType="enumerated"/>
							<option id="fr.ac6.managedbuild.option.gnu.cross.fpu.1531632664" name="Floating point hardware" superClass="fr.ac6.managedbuild.option.gnu.cross.fpu" useByScannerDiscovery="false" value="fr.ac6.managedbuild.option.gnu.cross.fpu.fpv4-sp-d16" valueType="enumerated"/>
							<option id="fr.ac6.managedbuild.option.gnu.cross.floatabi.1670578624" name="Floating-point ABI" superClass="fr.ac6.managedbuild.option.gnu.cross.floatabi" useByScannerDiscovery="false" value="fr.ac6.managedbuild.option.gnu.cross.floatabi.hard" valueType="enumerated"/>
							<targetPlatform archList="all" binaryParser="org.eclipse.cdt.core.ELF" id="fr.ac6.managedbuild.targetPlatform.gnu.cross.173136859" isAbstract="false" osList="all" superClass="fr.ac6.managedbuild.targetPlatform.gnu.cross"/>
							<builder autoBuildTarget="all" buildPath="${workspace_loc:/sw_stm32f4}/Debug" cleanBuildTarget="clean" id="org.eclipse.cdt.build.core.internal.builder.735736570" incrementalBuildTarget="all" keepEnvironmentInBuildfile="false" managedBuildOn="true" name="CDT Internal Builder" superClass="org.eclipse.cdt.build.core.internal.builder"/>
							<tool commandLinePattern="${COMMAND} ${FLAGS} ${OUTPUT_FLAG} ${OUTPUT_PREFIX}${OUTPUT} ${INPUTS}" id="fr.ac6.managedbuild.tool.gnu.cross.c.compiler.308529948" name="MCU GCC Compiler" superClass="fr.ac6.managedbuild.tool.gnu.cross.c.compiler">
								<option defaultValue="gnu.c.optimization.level.none" id="fr.ac6.managedbuild.gnu.c.compiler.option.optimization.level.1499115113" name="Optimization Level" superClass="fr.ac6.managedbuild.gnu.c.compiler.option.optimization.level" useByScannerDiscovery="false" value="fr.ac6.managedbuild.gnu.c.optimization.level.debug" valueType="enumerated"/>
								<option id="gnu.c.compiler.option.debugging.level.2113611465" name="Debug Level" superClass="gnu.c.compiler.option.debugging.level" useByScannerDiscovery="false" value="gnu.c.debugging.level.max" valueType="enumerated"/>
								<option id="gnu.c.compiler.option.include.paths.1716995444" name="Include paths (-I)" superClass="gnu.c.compiler.option.include.paths" useByScannerDiscovery="false" valueType="includePath">
									<listOptionValue builtIn="false" value="../Inc"/>
									<listOptionValue builtIn="false" value="&quot;${workspace_loc:/${ProjName}/Filtros/inc}&quot;"/>
									<listOptionValue builtIn="false" value="&quot;${workspace_loc:/${ProjName}/ADC_interno/inc}&quot;"/>
									<listOptionValue builtIn="false" value="&quot;${workspace_loc:/${ProjName}/Pulsadores/inc}&quot;"/>
									<listOptionValue builtIn="false" value="&quot;${workspace_loc:/${ProjName}/ARM_DSP/inc}&quot;"/>
									<listOptionValue builtIn="false" value="&quot;${workspace_loc:/${ProjName}/Display_TM_ILI9341/inc}&quot;"/>
									<listOptionValue builtIn="false" value="&quot;${workspace_loc:/${ProjName}/Drivers/CMSIS/Include}&quot;"/>
									<listOptionValue builtIn="false" value="&quot;${workspace_loc:/${ProjName}/ADC_PCM4202/inc}&quot;"/>
									<listOptionValue builtIn="false" value="&quot;${workspace_loc:/${ProjName}/I2S/inc}&quot;"/>
									<listOptionValue builtIn="false" value="&quot;${workspace_loc:/${ProjName}/SPI/inc}&quot;"/>
									<listOptionValue builtIn="false" value="&quot;${workspace_loc:/${ProjName}/DAC_PCM1781/inc}&quot;"/>
									<listOptionValue builtIn="false" value="../Drivers/STM32F4xx_HAL_Driver/Inc"/>
									<listOptionValue builtIn="false" value="../Drivers/STM32F4xx_HAL_Driver/Inc/Legacy"/>
									<listOptionValue builtIn="false" value="../Drivers/CMSIS/Device/ST/STM32F4xx/Include"/>
									<listOptionValue builtIn="false" value="../Drivers/CMSIS/Include"/>
								</option>
								<option id="gnu.c.compiler.option.preprocessor.def.symbols.1697626172" name="Defined symbols (-D)" superClass="gnu.c.compiler.option.preprocessor.def.symbols" useByScannerDiscovery="false" valueType="definedSymbols">
									<listOptionValue builtIn="false" value="__weak=&quot;__attribute__((weak))&quot;"/>
									<listOptionValue builtIn="false" value="__packed=&quot;__attribute__((__packed__))&quot;"/>
									<listOptionValue builtIn="false" value="USE_HAL_DRIVER"/>
									<listOptionValue builtIn="false" value="STM32F407xx"/>
									<listOptionValue builtIn="false" value="STM32F4xx"/>
									<listOptionValue builtIn="false" value="__weak=__attribute__((weak))"/>
									<listOptionValue builtIn="false" value="__packed=__attribute__((__packed__))"/>
								</option>
								<option id="fr.ac6.managedbuild.gnu.c.compiler.option.misc.other.1688699468" superClass="fr.ac6.managedbuild.gnu.c.compiler.option.misc.other" useByScannerDiscovery="false" value="-fmessage-length=0" valueType="string"/>
								<option id="gnu.c.compiler.option.dialect.std.977136348" name="Language standard" superClass="gnu.c.compiler.option.dialect.std" useByScannerDiscovery="true" value="gnu.c.compiler.dialect.default" valueType="enumerated"/>
								<inputType id="fr.ac6.managedbuild.tool.gnu.cross.c.compiler.input.c.1394434967" superClass="fr.ac6.managedbuild.tool.gnu.cross.c.compiler.input.c"/>
								<inputType id="fr.ac6.managedbuild.tool.gnu.cross.c.compiler.input.s.626750566" superClass="fr.ac6.managedbuild.tool.gnu.cross.c.compiler.input.s"/>
							</tool>
							<tool id="fr.ac6.managedbuild.tool.gnu.cross.cpp.compiler.1163939966" name="MCU G++ Compiler" superClass="fr.ac6.managedbuild.tool.gnu.cross.cpp.compiler">
								<option id="gnu.cpp.compiler.option.optimization.level.1798519729" name="Optimization Level" superClass="gnu.cpp.compiler.option.optimization.level" useByScannerDiscovery="false" value="gnu.cpp.compiler.optimization.level.none" valueType="enumerated"/>
								<option id="gnu.cpp.compiler.option.debugging.level.1961352208" name="Debug Level" superClass="gnu.cpp.compiler.option.debugging.level" useByScannerDiscovery="false" value="gnu.cpp.compiler.debugging.level.max" valueType="enumerated"/>
							</tool>
							<tool id="fr.ac6.managedbuild.tool.gnu.cross.c.linker.49611043" name="MCU GCC Linker" superClass="fr.ac6.managedbuild.tool.gnu.cross.c.linker">
								<option id="fr.ac6.managedbuild.tool.gnu.cross.c.linker.script.1656278371" name="Linker Script (-T)" superClass="fr.ac6.managedbuild.tool.gnu.cross.c.linker.script" useByScannerDiscovery="false" value="../STM32F407ZGTx_FLASH.ld" valueType="string"/>
								<option id="gnu.c.link.option.libs.517956863" name="Libraries (-l)" superClass="gnu.c.link.option.libs" useByScannerDiscovery="false" valueType="libs">
									<listOptionValue builtIn="false" value="m"/>
								</option>
								<option id="gnu.c.link.option.paths.754780962" name="Library search path (-L)" superClass="gnu.c.link.option.paths" useByScannerDiscovery="false" valueType="libPaths">
									<listOptionValue builtIn="false" value="&quot;${workspace_loc:/${ProjName}/Source_CMSIS/TransformFunctions}&quot;"/>
									<listOptionValue builtIn="false" value="&quot;${workspace_loc:/${ProjName}/Drivers/CMSIS/Include}&quot;"/>
								</option>
								<option id="gnu.c.link.option.ldflags.1997281203" name="Linker flags" superClass="gnu.c.link.option.ldflags" useByScannerDiscovery="false" value="-specs=nosys.specs -specs=nano.specs" valueType="string"/>
								<option id="gnu.c.link.option.other.1287812142" name="Other options (-Xlinker [option])" superClass="gnu.c.link.option.other" useByScannerDiscovery="false" valueType="stringList">
									<listOptionValue builtIn="false" value="-print-memory-usage"/>
								</option>
								<option id="fr.ac6.managedbuild.tool.gnu.cross.c.linker.libmath.1511443045" name="Use C math library (-lm)" superClass="fr.ac6.managedbuild.tool.gnu.cross.c.linker.libmath" useByScannerDiscovery="false" value="false" valueType="boolean"/>
								<inputType id="cdt.managedbuild.tool.gnu.c.linker.input.1462743704" superClass="cdt.managedbuild.tool.gnu.c.linker.input">
									<additionalInput kind="additionalinputdependency" paths="$(USER_OBJS)"/>
									<additionalInput kind="additionalinput" paths="$(LIBS)"/>
								</inputType>
							</tool>
							<tool id="fr.ac6.managedbuild.tool.gnu.cross.cpp.linker.1701382244" name="MCU G++ Linker" superClass="fr.ac6.managedbuild.tool.gnu.cross.cpp.linker"/>
							<tool id="fr.ac6.managedbuild.tool.gnu.archiver.684205020" name="MCU GCC Archiver" superClass="fr.ac6.managedbuild.tool.gnu.archiver"/>
							<tool id="fr.ac6.managedbuild.tool.gnu.cross.assembler.26462888" name="MCU GCC Assembler" superClass="fr.ac6.managedbuild.tool.gnu.cross.assembler">
								<option id="gnu.both.asm.option.include.paths.1830228472" name="Include paths (-I)" superClass="gnu.both.asm.option.include.paths" useByScannerDiscovery="false"/>
								<inputType id="cdt.managedbuild.tool.gnu.assembler.input.685988976" superClass="cdt.managedbuild.tool.gnu.assembler.input"/>
								<inputType id="fr.ac6.managedbuild.tool.gnu.cross.assembler.input.228254681" superClass="fr.ac6.managedbuild.tool.gnu.cross.assembler.input"/>
							</tool>
						</toolChain>
					</folderInfo>
					<sourceEntries>
						<entry flags="VALUE_WORKSPACE_PATH|RESOLVED" kind="sourcePath" name="ADC_PCM4202"/>
						<entry flags="VALUE_WORKSPACE_PATH" kind="sourcePath" name="ADC_interno"/>
						<entry flags="VALUE_WORKSPACE_PATH|RESOLVED" kind="sourcePath" name="ARM_DSP"/>
						<entry flags="VALUE_WORKSPACE_PATH|RESOLVED" kind="sourcePath" name="DAC_PCM1781"/>
						<entry flags="VALUE_WORKSPACE_PATH" kind="sourcePath" name="Display_TM_ILI9341"/>
						<entry flags="VALUE_WORKSPACE_PATH|RESOLVED" kind="sourcePath" name="Drivers"/>
						<entry flags="VALUE_WORKSPACE_PATH|RESOLVED" kind="sourcePath" name="Filtros"/>
						<entry flags="VALUE_WORKSPACE_PATH|RESOLVED" kind="sourcePath" name="I2S"/>
						<entry flags="VALUE_WORKSPACE_PATH|RESOLVED" kind="sourcePath" name="Inc"/>
						<entry flags="VALUE_WORKSPACE_PATH|RESOLVED" kind="sourcePath" name="Pulsadores"/>
						<entry flags="VALUE_WORKSPACE_PATH|RESOLVED" kind="sourcePath" name="SPI"/>
						<entry flags="VALUE_WORKSPACE_PATH|RESOLVED" kind="sourcePath" name="Src"/>
						<entry flags="VALUE_WORKSPACE_PATH|RESOLVED" kind="sourcePath" name="startup"/>
					</sourceEntries>
				</configuration>
			</storageModule>
			<storageModule moduleId="org.eclipse.cdt.core.externalSettings"/>
		</cconfiguration>
		<cconfiguration id="fr.ac6.managedbuild.config.gnu.cross.exe.release.923909104">
			<storageModule buildSystemId="org.eclipse.cdt.managedbuilder.core.configurationDataProvider" id="fr.ac6.managedbuild.config.gnu.cross.exe.release.923909104" moduleId="org.eclipse.cdt.core.settings" name="Release">
				<externalSettings/>
				<extensions>
					<extension id="org.eclipse.cdt.core.ELF" point="org.eclipse.cdt.core.BinaryParser"/>
					<extension id="org.eclipse.cdt.core.GASErrorParser" point="org.eclipse.cdt.core.ErrorParser"/>
					<extension id="org.eclipse.cdt.core.GmakeErrorParser" point="org.eclipse.cdt.core.ErrorParser"/>
					<extension id="org.eclipse.cdt.core.GLDErrorParser" point="org.eclipse.cdt.core.ErrorParser"/>
					<extension id="org.eclipse.cdt.core.CWDLocator" point="org.eclipse.cdt.core.ErrorParser"/>
					<extension id="org.eclipse.cdt.core.GCCErrorParser" point="org.eclipse.cdt.core.ErrorParser"/>
				</extensions>
			</storageModule>
			<storageModule moduleId="cdtBuildSystem" version="4.0.0">
				<configuration artifactExtension="elf" artifactName="${ProjName}" buildArtefactType="org.eclipse.cdt.build.core.buildArtefactType.exe" buildProperties="org.eclipse.cdt.build.core.buildArtefactType=org.eclipse.cdt.build.core.buildArtefactType.exe,org.eclipse.cdt.build.core.buildType=org.eclipse.cdt.build.core.buildType.release" cleanCommand="rm -rf" description="" id="fr.ac6.managedbuild.config.gnu.cross.exe.release.923909104" name="Release" parent="fr.ac6.managedbuild.config.gnu.cross.exe.release" postannouncebuildStep="Generating binary and Printing size information:" postbuildStep="arm-none-eabi-objcopy -O binary &quot;${BuildArtifactFileBaseName}.elf&quot; &quot;${BuildArtifactFileBaseName}.bin&quot; &amp;&amp; arm-none-eabi-size &quot;${BuildArtifactFileName}&quot;">
					<folderInfo id="fr.ac6.managedbuild.config.gnu.cross.exe.release.923909104." name="/" resourcePath="">
						<toolChain id="fr.ac6.managedbuild.toolchain.gnu.cross.exe.release.1974560481" name="Ac6 STM32 MCU GCC" superClass="fr.ac6.managedbuild.toolchain.gnu.cross.exe.release">
							<option id="fr.ac6.managedbuild.option.gnu.cross.prefix.1763957278" name="Prefix" superClass="fr.ac6.managedbuild.option.gnu.cross.prefix" value="arm-none-eabi-" valueType="string"/>
							<option id="fr.ac6.managedbuild.option.gnu.cross.mcu.1729826782" name="Mcu" superClass="fr.ac6.managedbuild.option.gnu.cross.mcu" value="STM32F407ZGTx" valueType="string"/>
							<option id="fr.ac6.managedbuild.option.gnu.cross.board.1023472382" name="Board" superClass="fr.ac6.managedbuild.option.gnu.cross.board" value="SW_STM32F4" valueType="string"/>
							<option id="fr.ac6.managedbuild.option.gnu.cross.instructionSet.764233691" name="Instruction Set" superClass="fr.ac6.managedbuild.option.gnu.cross.instructionSet" value="fr.ac6.managedbuild.option.gnu.cross.instructionSet.thumbII" valueType="enumerated"/>
							<option id="fr.ac6.managedbuild.option.gnu.cross.fpu.1531632664" name="Floating point hardware" superClass="fr.ac6.managedbuild.option.gnu.cross.fpu" value="fr.ac6.managedbuild.option.gnu.cross.fpu.fpv4-sp-d16" valueType="enumerated"/>
							<option id="fr.ac6.managedbuild.option.gnu.cross.floatabi.1670578624" name="Floating-point ABI" superClass="fr.ac6.managedbuild.option.gnu.cross.floatabi" value="fr.ac6.managedbuild.option.gnu.cross.floatabi.hard" valueType="enumerated"/>
							<targetPlatform archList="all" binaryParser="org.eclipse.cdt.core.ELF" id="fr.ac6.managedbuild.targetPlatform.gnu.cross.173136859" isAbstract="false" osList="all" superClass="fr.ac6.managedbuild.targetPlatform.gnu.cross"/>
							<builder buildPath="${workspace_loc:/SW_STM32F4}/Release" id="fr.ac6.managedbuild.builder.gnu.cross.1750168549" keepEnvironmentInBuildfile="false" managedBuildOn="true" name="Gnu Make Builder" superClass="fr.ac6.managedbuild.builder.gnu.cross">
								<outputEntries>
									<entry flags="VALUE_WORKSPACE_PATH|RESOLVED" kind="outputPath" name="Release"/>
								</outputEntries>
							</builder>
							<tool id="fr.ac6.managedbuild.tool.gnu.cross.c.compiler.308529948" name="MCU GCC Compiler" superClass="fr.ac6.managedbuild.tool.gnu.cross.c.compiler">
								<option defaultValue="gnu.c.optimization.level.none" id="fr.ac6.managedbuild.gnu.c.compiler.option.optimization.level.1499115113" name="Optimization Level" superClass="fr.ac6.managedbuild.gnu.c.compiler.option.optimization.level" useByScannerDiscovery="false" value="fr.ac6.managedbuild.gnu.c.optimization.level.debug" valueType="enumerated"/>
								<option id="gnu.c.compiler.option.debugging.level.2113611465" name="Debug Level" superClass="gnu.c.compiler.option.debugging.level" useByScannerDiscovery="false" value="gnu.c.debugging.level.max" valueType="enumerated"/>
								<option id="gnu.c.compiler.option.include.paths.1716995444" name="Include paths (-I)" superClass="gnu.c.compiler.option.include.paths" useByScannerDiscovery="false" valueType="includePath">
									<listOptionValue builtIn="false" value="../Inc"/>
									<listOptionValue builtIn="false" value="../Drivers/STM32F4xx_HAL_Driver/Inc"/>
									<listOptionValue builtIn="false" value="../Drivers/STM32F4xx_HAL_Driver/Inc/Legacy"/>
									<listOptionValue builtIn="false" value="../Drivers/CMSIS/Device/ST/STM32F4xx/Include"/>
									<listOptionValue builtIn="false" value="../Drivers/CMSIS/Include"/>
									<listOptionValue builtIn="false" value="../Inc"/>
								</option>
								<option id="gnu.c.compiler.option.preprocessor.def.symbols.1697626172" name="Defined symbols (-D)" superClass="gnu.c.compiler.option.preprocessor.def.symbols" useByScannerDiscovery="false" valueType="definedSymbols">
									<listOptionValue builtIn="false" value="__weak=__attribute__((weak))"/>
									<listOptionValue builtIn="false" value="__packed=__attribute__((__packed__))"/>
									<listOptionValue builtIn="false" value="USE_HAL_DRIVER"/>
									<listOptionValue builtIn="false" value="STM32F407xx"/>
									<listOptionValue builtIn="false" value="__weak=&quot;__attribute__((weak))&quot;"/>
									<listOptionValue builtIn="false" value="__packed=&quot;__attribute__((__packed__))&quot;"/>
								</option>
								<option id="fr.ac6.managedbuild.gnu.c.compiler.option.misc.other.1688699468" superClass="fr.ac6.managedbuild.gnu.c.compiler.option.misc.other" useByScannerDiscovery="false" value="-fmessage-length=0" valueType="string"/>
								<inputType id="fr.ac6.managedbuild.tool.gnu.cross.c.compiler.input.c.1394434967" superClass="fr.ac6.managedbuild.tool.gnu.cross.c.compiler.input.c"/>
								<inputType id="fr.ac6.managedbuild.tool.gnu.cross.c.compiler.input.s.626750566" superClass="fr.ac6.managedbuild.tool.gnu.cross.c.compiler.input.s"/>
							</tool>
							<tool id="fr.ac6.managedbuild.tool.gnu.cross.cpp.compiler.1163939966" name="MCU G++ Compiler" superClass="fr.ac6.managedbuild.tool.gnu.cross.cpp.compiler">
								<option id="gnu.cpp.compiler.option.optimization.level.1798519729" name="Optimization Level" superClass="gnu.cpp.compiler.option.optimization.level" useByScannerDiscovery="false" value="gnu.cpp.compiler.optimization.level.none" valueType="enumerated"/>
								<option id="gnu.cpp.compiler.option.debugging.level.1961352208" name="Debug Level" superClass="gnu.cpp.compiler.option.debugging.level" useByScannerDiscovery="false" value="gnu.cpp.compiler.debugging.level.max" valueType="enumerated"/>
							</tool>
							<tool id="fr.ac6.managedbuild.tool.gnu.cross.c.linker.49611043" name="MCU GCC Linker" superClass="fr.ac6.managedbuild.tool.gnu.cross.c.linker">
								<option id="fr.ac6.managedbuild.tool.gnu.cross.c.linker.script.1656278371" name="Linker Script (-T)" superClass="fr.ac6.managedbuild.tool.gnu.cross.c.linker.script" value="../STM32F407ZGTx_FLASH.ld" valueType="string"/>
								<option id="gnu.c.link.option.libs.517956863" name="Libraries (-l)" superClass="gnu.c.link.option.libs"/>
								<option id="gnu.c.link.option.paths.754780962" name="Library search path (-L)" superClass="gnu.c.link.option.paths"/>
								<option id="gnu.c.link.option.ldflags.1997281203" name="Linker flags" superClass="gnu.c.link.option.ldflags" value="-specs=nosys.specs -specs=nano.specs" valueType="string"/>
								<inputType id="cdt.managedbuild.tool.gnu.c.linker.input.1462743704" superClass="cdt.managedbuild.tool.gnu.c.linker.input">
									<additionalInput kind="additionalinputdependency" paths="$(USER_OBJS)"/>
									<additionalInput kind="additionalinput" paths="$(LIBS)"/>
								</inputType>
							</tool>
							<tool id="fr.ac6.managedbuild.tool.gnu.cross.cpp.linker.1701382244" name="MCU G++ Linker" superClass="fr.ac6.managedbuild.tool.gnu.cross.cpp.linker"/>
							<tool id="fr.ac6.managedbuild.tool.gnu.archiver.684205020" name="MCU GCC Archiver" superClass="fr.ac6.managedbuild.tool.gnu.archiver"/>
							<tool id="fr.ac6.managedbuild.tool.gnu.cross.assembler.26462888" name="MCU GCC Assembler" superClass="fr.ac6.managedbuild.tool.gnu.cross.assembler">
								<option id="gnu.both.asm.option.include.paths.1830228472" name="Include paths (-I)" superClass="gnu.both.asm.option.include.paths"/>
								<inputType id="cdt.managedbuild.tool.gnu.assembler.input.685988976" superClass="cdt.managedbuild.tool.gnu.assembler.input"/>
								<inputType id="fr.ac6.managedbuild.tool.gnu.cross.assembler.input.228254681" superClass="fr.ac6.managedbuild.tool.gnu.cross.assembler.input"/>
							</tool>
							<tool id="fr.ac6.managedbuild.tool.gnu.cross.assembler.exe.release.2106579580" name="MCU GCC Assembler" superClass="fr.ac6.managedbuild.tool.gnu.cross.assembler.exe.release">
								<inputType id="cdt.managedbuild.tool.gnu.assembler.input.2128065235" superClass="cdt.managedbuild.tool.gnu.assembler.input"/>
								<inputType id="fr.ac6.managedbuild.tool.gnu.cross.assembler.input.259008480" superClass="fr.ac6.managedbuild.tool.gnu.cross.assembler.input"/>
							</tool>
						</toolChain>
					</folderInfo>
					<sourceEntries>
						<entry flags="VALUE_WORKSPACE_PATH|RESOLVED" kind="sourcePath" name="ADC_PCM4202"/>
						<entry flags="VALUE_WORKSPACE_PATH|RESOLVED" kind="sourcePath" name="ARM_DSP"/>
						<entry flags="VALUE_WORKSPACE_PATH|RESOLVED" kind="sourcePath" name="Drivers"/>
						<entry flags="VALUE_WORKSPACE_PATH|RESOLVED" kind="sourcePath" name="Filtros"/>
						<entry flags="VALUE_WORKSPACE_PATH|RESOLVED" kind="sourcePath" name="I2S"/>
						<entry flags="VALUE_WORKSPACE_PATH|RESOLVED" kind="sourcePath" name="Inc"/>
						<entry flags="VALUE_WORKSPACE_PATH|RESOLVED" kind="sourcePath" name="Pulsadores"/>
						<entry flags="VALUE_WORKSPACE_PATH|RESOLVED" kind="sourcePath" name="SPI"/>
						<entry flags="VALUE_WORKSPACE_PATH|RESOLVED" kind="sourcePath" name="Src"/>
						<entry flags="VALUE_WORKSPACE_PATH|RESOLVED" kind="sourcePath" name="startup"/>
					</sourceEntries>
				</configuration>
			</storageModule>
			<storageModule moduleId="org.eclipse.cdt.core.externalSettings"/>
		</cconfiguration>
	</storageModule>
	<storageModule moduleId="cdtBuildSystem" version="4.0.0">
		<project id="SW_STM32F4.fr.ac6.managedbuild.target.gnu.cross.exe.1763806908" name="Executable" projectType="fr.ac6.managedbuild.target.gnu.cross.exe"/>
	</storageModule>
	<storageModule moduleId="scannerConfiguration">
		<autodiscovery enabled="true" problemReportingEnabled="true" selectedProfileId=""/>
		<scannerConfigBuildInfo instanceId="fr.ac6.managedbuild.config.gnu.cross.exe.debug.1014398673;fr.ac6.managedbuild.config.gnu.cross.exe.debug.1014398673.;fr.ac6.managedbuild.tool.gnu.cross.c.compiler.308529948;fr.ac6.managedbuild.tool.gnu.cross.c.compiler.input.c.1394434967">
			<autodiscovery enabled="false" problemReportingEnabled="true" selectedProfileId=""/>
		</scannerConfigBuildInfo>
		<!--scannerConfigBuildInfo instanceId="fr.ac6.managedbuild.config.gnu.cross.exe.release.$(RELEASE_CONFIG_UID);fr.ac6.managedbuild.config.gnu.cross.exe.release.$(RELEASE_CONFIG_UID).;fr.ac6.managedbuild.tool.gnu.cross.c.compiler.$(RELEASE_TOOL_COMPILER_UID);cdt.managedbuild.tool.gnu.c.compiler.input.$(RELEASE_TOOL_COMPILER_INPUT_UID)"> 
			<autodiscovery enabled="false" problemReportingEnabled="true" selectedProfileId=""/> 
			</scannerConfigBuildInfo -->
	</storageModule>
	<storageModule moduleId="org.eclipse.cdt.core.LanguageSettingsProviders"/>
	<storageModule moduleId="refreshScope" versionNumber="2">
		<configuration configurationName="Debug">
			<resource resourceType="PROJECT" workspacePath="SW_STM32F4"/>
		</configuration>
		<configuration configurationName="Release"/>
	</storageModule>
	<storageModule moduleId="org.eclipse.cdt.make.core.buildtargets"/>
	<storageModule moduleId="org.eclipse.cdt.internal.ui.text.commentOwnerProjectMappings"/>
</cproject>
